therealbobertoes,2ddb2c37-200a-4fe5-90e3-80bb6546dbf9
bunsacks,3080950d-1bbf-43fc-91aa-2a41640a63b2
miningmonkey582,fc80432d-c3b2-429a-ac11-acd567e49c12
davidngus,a7ea4303-9e35-4489-bc84-e7da34aac465
wazanator39,eacb24e6-385a-497d-b73d-494e4098b609
rookie1288,79b6184b-2b03-433e-ba4e-44bb1480d796
monstermidge81,f39667f3-d5a9-4368-bb66-66253c58f0a8
beastbowicz,67755123-df3f-4ce5-8757-c1507e29fcbb
nhcraig01,66977e13-9b67-43ab-af94-88e17280a63a
ctstahly1,6447e7b7-9b1e-4bd1-ae15-e55b02006fda
sperkowsky,4965038c-4e01-4cd3-8481-ec8d76cd11de
zman441,d69fa555-ef90-4519-949b-e7c418287cc2
xxsmitty7xx,2f2373b2-0565-4985-955f-fcec8b559598
bentheboss,8bac6a60-8222-4ce2-8d48-8766edb57b36
claffey,7ae04f7e-152b-4a82-a381-3df80639b07e
noghristealth,71ad6823-9cbb-4a3e-8661-11d1fcc12078
clampizza,e1178e99-080f-4183-b804-d2044613b033
thick_tim,dbc8154e-8cc0-41cd-9f43-640bbb2d5580
justtouchem,2ce6dd90-07c7-4d0b-a2c2-ef14b29e15bd
dirtykirbi,44ec4c10-f987-46ca-bb4a-ab579febb030
cloveh,9500ec7e-7253-4127-b86b-9442971ea1de
mmeyers98,0a555518-13e1-4560-97c0-2af518453005
jebbernaut,7d3eb423-a569-46a1-b0b9-3e9f6e758b1d
brito_0,8117b504-df48-4f6f-ac94-ff88100a273e
h0stilep0tat0,1b645cd5-f92b-4e3a-9967-73911d1f3b51
hugh_jass_bass,74e35136-6a7b-41c3-8d27-058ee1f95270
crazylucydog,733fd84f-f0ff-4a54-a432-262341ff8fe9
sanjafarmer,f647566d-af6b-4907-9a26-12b1c1a8a11c
hotmudd,6e0e5651-bf36-4f41-9a9b-a4896adb74d5
kramer_l,d2d9a8a5-6d44-4444-a245-c23047e4a05c
stryker64,46ce52e3-5add-441a-a0c2-50dc311297e6
dkeric,35868318-5fba-40f8-bf69-8bd801d39f7a
dboehm98,931283b0-bce8-4f58-b6ac-2b1ba6bc0460
foehner7,be35cc1c-aa5c-4781-9acb-cdefc509a621
mxwjung,62c88782-bde2-4e44-80ec-9031c298312f
fluffy_unicorn56,4a886691-8466-40f7-abb4-150d707495da
